Name,Red (8 bit),Green (8 bit),Blue (8 bit),percol,sub_percol,color
#E0DFD1,224,223,209,spring,,gainsboro
#ACAFAE,172,175,174,spring,,darkgray
#B9B4AD,185,180,173,spring,,darkgray
#E5DFB0,229,223,176,spring,,palegoldenrod
#F3D372,243,211,114,spring,,khaki
#ECADAE,236,173,174,spring,,lightpink
#EAA7BD,234,167,189,spring,,lightpink
#E9DDC7,233,221,199,spring,,bisque
#E8C9B9,232,201,185,spring,,wheat
#CAC5B8,202,197,184,spring,,silver
#B4B6B3,180,182,179,spring,,darkgray
#F1E086,241,224,134,spring,,khaki
#EABE9D,234,190,157,spring,,burlywood
#F5C679,245,198,121,spring,,burlywood
#F2E1C7,242,225,199,spring,,bisque
#C2C4BA,194,196,186,spring,,silver
#D5CA97,213,202,151,spring,,tan
#ECBD9C,236,189,156,spring,,burlywood
#E9CB96,233,203,150,spring,,burlywood
#CBDA80,203,218,128,spring,,burlywood
#8CD581,140,213,129,spring,,darkseagreen
#11124E,17,18,78,spring,,midnightblue
#030473,3,4,115,spring,,navy
#3721BE,55,33,190,spring,,darkslateblue
#3939DE,57,57,222,spring,,royalblue
#8977E1,137,119,225,spring,,mediumpurple
#4C8C7F,76,140,127,spring,,slategray
#5085A2,80,133,162,spring,,steelblue
#6DBAA0,109,186,160,spring,,mediumaquamarine
#D2EBFD,210,235,253,spring,,lavender
#F5FEFF,245,254,255,spring,,mintcream
#E1DBCD,225,219,205,spring,,gainsboro
#989F9B,152,159,155,spring,,darkgray
#685F57,104,95,87,spring,,dimgray
#F4CDC1,244,205,193,spring,,peachpuff
#F3C777,243,199,119,spring,,burlywood
#EE9287,238,146,135,spring,,darksalmon
#E98BA5,233,139,165,spring,,palevioletred
#E1D5C7,225,213,199,spring,,lightgray
#ECB59F,236,181,159,spring,,burlywood
#B5B1A6,181,177,166,spring,,darkgray
#7C7C7A,124,124,122,spring,,gray
#F2D689,242,214,137,spring,,khaki
#EDA277,237,162,119,spring,,darksalmon
#E9A29F,233,162,159,spring,,burlywood
#E8D2BF,232,210,191,spring,,wheat
#AEAD9D,174,173,157,spring,,darkgray
#C3AD89,195,173,137,spring,,tan
#D09A78,208,154,120,spring,,darksalmon
#EED58F,238,213,143,spring,,khaki
#B3C45B,179,196,91,spring,,darkkhaki
#78C765,120,199,101,spring,,darkseagreen
#B92635,185,38,53,spring,,firebrick
#BF284B,191,40,75,spring,,crimson
#C0385D,192,56,93,spring,,indianred
#BE385D,190,56,93,spring,,indianred
#BC3C5A,188,60,90,spring,,indianred
#DD449A,221,68,154,spring,,palevioletred
#E4697D,228,105,125,spring,,palevioletred
#DE889B,222,136,155,spring,,palevioletred
#E5A799,229,167,153,spring,,burlywood
#DEACB3,222,172,179,spring,,lightpink
#E4DABF,228,218,191,spring,,wheat
#5A5F5D,90,95,93,spring,,dimgray
#312C2C,49,44,44,spring,,darkslategray
#B0E2D8,176,226,216,spring,,powderblue
#E3AE57,227,174,87,spring,,sandybrown
#DD5F5E,221,95,94,spring,,indianred
#CC536B,204,83,107,spring,,indianred
#EAD9BD,234,217,189,spring,,wheat
#CFCAAC,207,202,172,spring,,silver
#7D7B73,125,123,115,spring,,gray
#636866,99,104,102,spring,,dimgray
#ECCB78,236,203,120,spring,,burlywood
#EA9A85,234,154,133,spring,,darksalmon
#E58885,229,136,133,spring,,lightcoral
#F4D7AC,244,215,172,spring,,wheat
#989688,152,150,136,spring,,gray
#B19469,177,148,105,spring,,darkkhaki
#854B39,133,75,57,spring,,sienna
#EECE7F,238,206,127,spring,,khaki
#8F9C46,143,156,70,spring,,olivedrab
#4A9643,74,150,67,spring,,seagreen
#60BD38,96,189,56,spring,,limegreen
#84D845,132,216,69,spring,,yellowgreen
#B2C064,178,192,100,spring,,darkkhaki
#A1AE60,161,174,96,spring,,darkkhaki
#AFA551,175,165,81,spring,,darkkhaki
#DDBF61,221,191,97,spring,,darkkhaki
#DCCE75,220,206,117,spring,,burlywood
#BEA151,190,161,81,spring,,darkkhaki
#B79978,183,153,120,spring,,rosybrown
#BE9055,190,144,85,spring,,peru
#D4CBBA,212,203,186,spring,,silver
#3B4141,59,65,65,spring,,darkslategray
#27548A,39,84,138,spring,,darkslateblue
#B1E2EE,177,226,238,spring,,powderblue
#CF9962,207,153,98,spring,,darksalmon
#ED8268,237,130,104,spring,,salmon
#ED8391,237,131,145,spring,,lightcoral
#E1D1AE,225,209,174,spring,,wheat
#A3A58B,163,165,139,spring,,darkseagreen
#66625D,102,98,93,spring,,dimgray
#84745A,132,116,90,spring,,dimgray
#F6D399,246,211,153,spring,,khaki
#E2736A,226,115,106,spring,,salmon
#E06E73,224,110,115,spring,,lightcoral
#E1C085,225,192,133,spring,,burlywood
#7F7B70,127,123,112,spring,,gray
#6E573D,110,87,61,spring,,darkolivegreen
#72473B,114,71,59,spring,,saddlebrown
#E8BD64,232,189,100,spring,,sandybrown
#58A754,88,167,84,spring,,mediumseagreen
#3A7C4B,58,124,75,spring,,seagreen
#F1FEBA,241,254,186,spring,,lemonchiffon
#F6F5E5,246,245,229,spring,,linen
#F9FF9D,249,255,157,spring,,palegoldenrod
#F2FEBA,242,254,186,spring,,lemonchiffon
#FAEB5E,250,235,94,spring,,khaki
#E66C2C,230,108,44,spring,,chocolate
#EF9A40,239,154,64,spring,,sandybrown
#4D1917,77,25,23,spring,,maroon
#B6929D,182,146,157,spring,,rosybrown
#905939,144,89,57,spring,,sienna
#C2C6B4,194,198,180,spring,,silver
#202020,32,32,32,spring,,black
#234067,35,64,103,spring,,darkslategray
#BCC1E8,188,193,232,spring,,lightsteelblue
#9D4A34,157,74,52,spring,,sienna
#D55150,213,81,80,spring,,indianred
#C84B5D,200,75,93,spring,,indianred
#D1BD9F,209,189,159,spring,,tan
#6B6E67,107,110,103,spring,,dimgray
#67594E,103,89,78,spring,,dimgray
#7C6152,124,97,82,spring,,dimgray
#EEC479,238,196,121,spring,,burlywood
#D6625C,214,98,92,spring,,indianred
#D55A68,213,90,104,spring,,indianred
#D6AF88,214,175,136,spring,,tan
#574F45,87,79,69,spring,,darkolivegreen
#43332A,67,51,42,spring,,darkslategray
#56342E,86,52,46,spring,,darkolivegreen
#E6B263,230,178,99,spring,,sandybrown
#3A713C,58,113,60,spring,,darkolivegreen
#367655,54,118,85,spring,,seagreen
#7B5391,123,83,145,spring,,slategray
#50468C,80,70,140,spring,,darkslateblue
#87C5D5,135,197,213,spring,,skyblue
#51A7C1,81,167,193,spring,,cadetblue
#367B84,54,123,132,spring,,seagreen
#4D9B9E,77,155,158,spring,,cadetblue
#458851,69,136,81,spring,,seagreen
#549962,84,153,98,spring,,mediumseagreen
#80B76E,128,183,110,spring,,darkseagreen
#C3D8B4,195,216,180,spring,,silver
#F19FC8,241,159,200,spring,,lightpink
#C6D981,198,217,129,spring,,tan
#60C477,96,196,119,spring,,mediumseagreen
#75D1D5,117,209,213,spring,,skyblue
#5D9DD9,93,157,217,spring,,cornflowerblue
#E18EBF,225,142,191,spring,,plum
#EFB8C2,239,184,194,spring,,lightpink
#C0D99F,192,217,159,spring,,silver
#91CCCA,145,204,202,spring,,skyblue
#9CC6E1,156,198,225,spring,,lightsteelblue
#90AFDA,144,175,218,spring,,skyblue
#AFA8CF,175,168,207,spring,,lightsteelblue
#7BCF7B,123,207,123,spring,,darkseagreen
#79CDB1,121,205,177,spring,,mediumaquamarine
#E6A692,230,166,146,spring,,burlywood
#A5B8E3,165,184,227,spring,,lightsteelblue
#C195CF,193,149,207,spring,,plum
#40342C,64,52,44,spring,,darkslategray
#CD4749,205,71,73,spring,,indianred
#F1E1CA,241,225,202,spring,,bisque
#F6D551,246,213,81,spring,,sandybrown
#F3D399,243,211,153,spring,,khaki
#D67E60,214,126,96,spring,,peru
#E6BDBB,230,189,187,spring,,lightpink
#E17D91,225,125,145,spring,,palevioletred
#D15259,209,82,89,spring,,indianred
#C23931,194,57,49,spring,,firebrick
#BB3723,187,55,35,spring,,firebrick
#AB3531,171,53,49,spring,,brown
#BD382E,189,56,46,spring,,firebrick
#ED87B8,237,135,184,spring,,hotpink
#98BA5A,152,186,90,spring,,darkkhaki
#428D54,66,141,84,spring,,seagreen
#58B4B5,88,180,181,spring,,mediumaquamarine
#336DBA,51,109,186,spring,,steelblue
#CB5C93,203,92,147,spring,,palevioletred
#E385A0,227,133,160,spring,,palevioletred
#A3CB90,163,203,144,spring,,darkseagreen
#6FBFBC,111,191,188,spring,,mediumaquamarine
#80B2D9,128,178,217,spring,,skyblue
#7187C1,113,135,193,spring,,lightslategray
#9584BA,149,132,186,spring,,mediumpurple
#6BC479,107,196,121,spring,,darkseagreen
#5DB79E,93,183,158,spring,,cadetblue
#E57C60,229,124,96,spring,,salmon
#7B98D5,123,152,213,spring,,cornflowerblue
#926CB4,146,108,180,spring,,mediumpurple
#574E44,87,78,68,spring,,darkolivegreen
#C2C3B9,194,195,185,spring,,silver
#6277AA,98,119,170,spring,,slategray
#264082,38,64,130,spring,,darkslateblue
#1B3451,27,52,81,spring,,darkslategray
#B3B4AD,179,180,173,spring,,darkgray
#4B423F,75,66,63,spring,,darkslategray
#7A5F50,122,95,80,spring,,dimgray
#D4AD66,212,173,102,spring,,darkkhaki
#C7B094,199,176,148,spring,,tan
#E9E9DE,233,233,222,spring,,beige
#F2F1E0,242,241,224,spring,,beige
#DA548F,218,84,143,spring,,palevioletred
#619544,97,149,68,spring,,olivedrab
#31683F,49,104,63,spring,,darkslategray
#3F837D,63,131,125,spring,,seagreen
#997BC7,153,123,199,spring,,mediumpurple
#7E3058,126,48,88,spring,,brown
#E06581,224,101,129,spring,,palevioletred
#8BC17A,139,193,122,spring,,darkseagreen
#88C5B2,136,197,178,spring,,mediumaquamarine
#86C5DA,134,197,218,spring,,skyblue
#4260A4,66,96,164,spring,,steelblue
#5E4F83,94,79,131,spring,,darkslateblue
#71CBAC,113,203,172,spring,,mediumaquamarine
#5EC2B4,94,194,180,spring,,mediumaquamarine
#EA867B,234,134,123,spring,,lightcoral
#607CC5,96,124,197,spring,,steelblue
#623F89,98,63,137,spring,,darkslateblue
#6D573D,109,87,61,spring,,darkolivegreen
#EDBD9B,237,189,155,spring,,burlywood
#D7CB96,215,203,150,spring,,burlywood
#F09A40,240,154,64,spring,,sandybrown
#DA7F64,218,127,100,spring,,salmon
#C13625,193,54,37,spring,,firebrick
#BC274A,188,39,74,spring,,brown
#6A4E8A,106,78,138,spring,,darkslateblue
#284485,40,68,133,spring,,darkslateblue
#6DBB9D,109,187,157,spring,,mediumaquamarine
#5FBE39,95,190,57,spring,,limegreen
#BC914F,188,145,79,spring,,peru
#735843,115,88,67,spring,,darkolivegreen
#E86E9E,232,110,158,spring,,palevioletred
#406E37,64,110,55,spring,,darkolivegreen
#4EA570,78,165,112,spring,,mediumseagreen
#55ABBB,85,171,187,spring,,cadetblue
#6C539B,108,83,155,spring,,darkslateblue
#B73E63,183,62,99,spring,,indianred
#2F4A2F,47,74,47,spring,,darkslategray
#2B5941,43,89,65,spring,,darkslategray
#2F626B,47,98,107,spring,,darkslategray
#37306F,55,48,111,spring,,darkslateblue
#CE4C5C,206,76,92,spring,,indianred
#4CA172,76,161,114,spring,,mediumseagreen
#4C8678,76,134,120,spring,,dimgray
#478A96,71,138,150,spring,,steelblue
#395083,57,80,131,spring,,darkslateblue
#37765D,55,118,93,spring,,seagreen
#448D89,68,141,137,spring,,cadetblue
#CD474A,205,71,74,spring,,indianred
#20416C,32,65,108,spring,,darkslategray
#20406C,32,64,108,spring,,darkslategray
#2860A3,40,96,163,spring,,steelblue
#A6BADD,166,186,221,spring,,lightsteelblue
#BF284D,191,40,77,spring,,crimson
#AB3124,171,49,36,spring,,brown
#BC3828,188,56,40,spring,,firebrick
#B44E1F,180,78,31,spring,,sienna
#E36A2C,227,106,44,spring,,chocolate
#DFC448,223,196,72,spring,,sandybrown
#F8D74F,248,215,79,spring,,sandybrown
#458D29,69,141,41,spring,,forestgreen
#6FBB4F,111,187,79,spring,,yellowgreen
#E4E3D8,228,227,216,summer,,gainsboro
#B1B6B6,177,182,182,summer,,darkgray
#C3BEB7,195,190,183,summer,,silver
#EEDCB6,238,220,182,summer,,wheat
#E98D91,233,141,145,summer,,lightcoral
#EB9AA1,235,154,161,summer,,darksalmon
#F1C679,241,198,121,summer,,burlywood
#DFDDD0,223,221,208,summer,,gainsboro
#C2BDB6,194,189,182,summer,,silver
#B1B0B0,177,176,176,summer,,darkgray
#EBBBBF,235,187,191,summer,,lightpink
#EDA2AA,237,162,170,summer,,lightpink
#EBA5BC,235,165,188,summer,,lightpink
#DCA3B7,220,163,183,summer,,plum
#DCDACE,220,218,206,summer,,lightgray
#E6E0A8,230,224,168,summer,,palegoldenrod
#C5C4C2,197,196,194,summer,,silver
#CCC4C4,204,196,196,summer,,silver
#A5B1B5,165,177,181,summer,,darkgray
#A1B9BB,161,185,187,summer,,darkgray
#E27E8A,226,126,138,summer,,lightcoral
#BF7594,191,117,148,summer,,rosybrown
#915980,145,89,128,summer,,gray
#783760,120,55,96,summer,,dimgray
#CA99B0,202,153,176,summer,,rosybrown
#BC77AB,188,119,171,summer,,rosybrown
#C0698E,192,105,142,summer,,palevioletred
#5A2D37,90,45,55,summer,,darkslategray
#963A54,150,58,84,summer,,sienna
#A63741,166,55,65,summer,,brown
#B23C37,178,60,55,summer,,brown
#D7D3C2,215,211,194,summer,,lightgray
#8C9493,140,148,147,summer,,lightslategray
#8D797B,141,121,123,summer,,gray
#E9D4A7,233,212,167,summer,,wheat
#DC6369,220,99,105,summer,,indianred
#E77F8D,231,127,141,summer,,lightcoral
#E79CB6,231,156,182,summer,,lightpink
#DCD5C4,220,213,196,summer,,lightgray
#AEA698,174,166,152,summer,,darkgray
#6A6B6D,106,107,109,summer,,dimgray
#DAA39E,218,163,158,summer,,tan
#E8828B,232,130,139,summer,,lightcoral
#DB8599,219,133,153,summer,,palevioletred
#C28E9F,194,142,159,summer,,rosybrown
#CFCCC4,207,204,196,summer,,lightgray
#E0D7A1,224,215,161,summer,,palegoldenrod
#B7AFAF,183,175,175,summer,,darkgray
#AFA49F,175,164,159,summer,,darkgray
#7D8B9A,125,139,154,summer,,lightslategray
#768B8C,118,139,140,summer,,slategray
#CE5A68,206,90,104,summer,,indianred
#443D63,68,61,99,summer,,darkslategray
#646287,100,98,135,summer,,dimgray
#9993B1,153,147,177,summer,,darkgray
#5D9083,93,144,131,summer,,slategray
#418967,65,137,103,summer,,seagreen
#B0D0B9,176,208,185,summer,,silver
#E2E7B5,226,231,181,summer,,palegoldenrod
#97D8CF,151,216,207,summer,,lightblue
#697A91,105,122,145,summer,,slategray
#AEBDCF,174,189,207,summer,,lightsteelblue
#C0BDB4,192,189,180,summer,,silver
#707475,112,116,117,summer,,dimgray
#665757,102,87,87,summer,,dimgray
#ECDB97,236,219,151,summer,,khaki
#E6757E,230,117,126,summer,,lightcoral
#E0667C,224,102,124,summer,,palevioletred
#EA88A8,234,136,168,summer,,palevioletred
#C5C5BA,197,197,186,summer,,silver
#8C8278,140,130,120,summer,,gray
#7C7B76,124,123,118,summer,,gray
#C08D8B,192,141,139,summer,,rosybrown
#D26171,210,97,113,summer,,indianred
#C85B77,200,91,119,summer,,indianred
#A87380,168,115,128,summer,,rosybrown
#BDBCB1,189,188,177,summer,,silver
#A0A697,160,166,151,summer,,darkgray
#877F80,135,127,128,summer,,gray
#927D7F,146,125,127,summer,,gray
#99A6AD,153,166,173,summer,,darkgray
#5B8592,91,133,146,summer,,slategray
#D17689,209,118,137,summer,,palevioletred
#5778AA,87,120,170,summer,,steelblue
#395A97,57,90,151,summer,,darkslateblue
#445678,68,86,120,summer,,darkslateblue
#465A75,70,90,117,summer,,darkslateblue
#223C4E,34,60,78,summer,,darkslategray
#5A686A,90,104,106,summer,,dimgray
#94989A,148,152,154,summer,,darkgray
#816B59,129,107,89,summer,,dimgray
#DDD3BE,221,211,190,summer,,lightgray
#EBE8DF,235,232,223,summer,,beige
#A59E94,165,158,148,summer,,darkgray
#83949C,131,148,156,summer,,lightslategray
#5A4D4E,90,77,78,summer,,dimgray
#F8DF9A,248,223,154,summer,,khaki
#CF4A59,207,74,89,summer,,indianred
#D8586C,216,88,108,summer,,indianred
#CD6185,205,97,133,summer,,palevioletred
#9A8F8A,154,143,138,summer,,gray
#8A756B,138,117,107,summer,,gray
#5C5655,92,86,85,summer,,dimgray
#AD8385,173,131,133,summer,,rosybrown
#B44D62,180,77,98,summer,,indianred
#953F52,149,63,82,summer,,sienna
#804C5E,128,76,94,summer,,dimgray
#8F8B86,143,139,134,summer,,gray
#7E8177,126,129,119,summer,,gray
#6C6165,108,97,101,summer,,dimgray
#604F53,96,79,83,summer,,dimgray
#6F7479,111,116,121,summer,,dimgray
#3F6D78,63,109,120,summer,,dimgray
#A0455B,160,69,91,summer,,sienna
#0F102B,15,16,43,summer,,black
#26285F,38,40,95,summer,,midnightblue
#2F3F95,47,63,149,summer,,darkslateblue
#403BA0,64,59,160,summer,,darkslateblue
#5E7EAD,94,126,173,summer,,steelblue
#756BB1,117,107,177,summer,,slateblue
#9AB0B6,154,176,182,summer,,darkgray
#7EB092,126,176,146,summer,,darkseagreen
#71A084,113,160,132,summer,,lightslategray
#88999A,136,153,154,summer,,lightslategray
#827D78,130,125,120,summer,,gray
#556875,85,104,117,summer,,dimgray
#513943,81,57,67,summer,,darkslategray
#F3D28D,243,210,141,summer,,khaki
#AD3E52,173,62,82,summer,,sienna
#BD3D56,189,61,86,summer,,indianred
#A34E6C,163,78,108,summer,,indianred
#716662,113,102,98,summer,,dimgray
#4D3E40,77,62,64,summer,,darkslategray
#413F40,65,63,64,summer,,darkslategray
#6A3A43,106,58,67,summer,,darkolivegreen
#8E3D48,142,61,72,summer,,sienna
#5C323D,92,50,61,summer,,darkslategray
#4C3544,76,53,68,summer,,darkslategray
#5E5753,94,87,83,summer,,dimgray
#5A5852,90,88,82,summer,,dimgray
#4A4348,74,67,72,summer,,darkslategray
#403539,64,53,57,summer,,darkslategray
#41464C,65,70,76,summer,,darkslategray
#2E505B,46,80,91,summer,,darkslategray
#6A313F,106,49,63,summer,,saddlebrown
#401E5B,64,30,91,summer,,midnightblue
#3A0932,58,9,50,summer,,midnightblue
#473046,71,48,70,summer,,darkslategray
#6A6359,106,99,89,summer,,dimgray
#305B3A,48,91,58,summer,,darkslategray
#52905A,82,144,90,summer,,seagreen
#3C6A43,60,106,67,summer,,darkolivegreen
#B0B76B,176,183,107,summer,,darkkhaki
#92AF74,146,175,116,summer,,darkseagreen
#ABFC63,171,252,99,summer,,greenyellow
#92DBBB,146,219,187,summer,,lightgreen
#83D9C0,131,217,192,summer,,mediumaquamarine
#88CDDD,136,205,221,summer,,skyblue
#94C9E7,148,201,231,summer,,skyblue
#95ABDA,149,171,218,summer,,lightsteelblue
#9482C2,148,130,194,summer,,mediumpurple
#E1D9A5,225,217,165,summer,,palegoldenrod
#8EBBAF,142,187,175,summer,,darkseagreen
#88B8C3,136,184,195,summer,,darkgray
#9ABECB,154,190,203,summer,,lightsteelblue
#A6AFC2,166,175,194,summer,,darkgray
#9E9CAD,158,156,173,summer,,darkgray
#F4C6D6,244,198,214,summer,,pink
#7CC4AA,124,196,170,summer,,mediumaquamarine
#75CCBB,117,204,187,summer,,mediumaquamarine
#76BFDA,118,191,218,summer,,skyblue
#95BFE0,149,191,224,summer,,skyblue
#9FA7CF,159,167,207,summer,,lightsteelblue
#5E1D7B,94,29,123,summer,,indigo
#6E1D5F,110,29,95,summer,,purple
#8C4089,140,64,137,summer,,dimgray
#934EA7,147,78,167,summer,,darkorchid
#8066B4,128,102,180,summer,,slateblue
#B9B490,185,180,144,summer,,tan
#8B876D,139,135,109,summer,,gray
#B1A4AA,177,164,170,summer,,darkgray
#C7BAC0,199,186,192,summer,,silver
#C2E0DE,194,224,222,summer,,powderblue
#5EC599,94,197,153,summer,,mediumaquamarine
#5EC5AB,94,197,171,summer,,mediumaquamarine
#5FB3C5,95,179,197,summer,,mediumaquamarine
#7DB6E3,125,182,227,summer,,skyblue
#8097CF,128,151,207,summer,,cornflowerblue
#6B5B9B,107,91,155,summer,,slategray
#D4CA8F,212,202,143,summer,,burlywood
#6C9E8A,108,158,138,summer,,cadetblue
#66959E,102,149,158,summer,,cadetblue
#7EA7B2,126,167,178,summer,,cadetblue
#8992B2,137,146,178,summer,,lightslategray
#7F7D8E,127,125,142,summer,,gray
#E0A2BC,224,162,188,summer,,plum
#519075,81,144,117,summer,,mediumseagreen
#4C927F,76,146,127,summer,,mediumseagreen
#4786A0,71,134,160,summer,,steelblue
#74A9C7,116,169,199,summer,,cadetblue
#7C7FAF,124,127,175,summer,,lightslategray
#F0FE99,240,254,153,summer,,khaki
#D8E388,216,227,136,summer,,khaki
#B5BE72,181,190,114,summer,,darkkhaki
#FBFCF5,251,252,245,summer,,snow
#875034,135,80,52,summer,,sienna
#8C796E,140,121,110,summer,,gray
#82183B,130,24,59,summer,,brown
#9E2260,158,34,96,summer,,brown
#A9638E,169,99,142,summer,,rosybrown
#C786D3,199,134,211,summer,,orchid
#4EA286,78,162,134,summer,,cadetblue
#68CCC3,104,204,195,summer,,mediumaquamarine
#5EC0C2,94,192,194,summer,,mediumaquamarine
#5890C9,88,144,201,summer,,steelblue
#5A77BA,90,119,186,summer,,steelblue
#52487F,82,72,127,summer,,darkslateblue
#95BF9D,149,191,157,summer,,darkseagreen
#4C6F61,76,111,97,summer,,dimgray
#537379,83,115,121,summer,,dimgray
#557F8E,85,127,142,summer,,slategray
#787B9E,120,123,158,summer,,lightslategray
#524959,82,73,89,summer,,darkslategray
#CA8EA7,202,142,167,summer,,rosybrown
#3C7762,60,119,98,summer,,seagreen
#408565,64,133,101,summer,,seagreen
#63B6BB,99,182,187,summer,,mediumaquamarine
#5F8CB3,95,140,179,summer,,cadetblue
#4B4975,75,73,117,summer,,darkslateblue
#E84045,232,64,69,summer,,tomato
#CC3A3A,204,58,58,summer,,crimson
#B93B32,185,59,50,summer,,brown
#A8352C,168,53,44,summer,,brown
#FFFD6A,255,253,106,summer,,khaki
#FFFFB0,255,255,176,summer,,moccasin
#917D66,145,125,102,summer,,gray
#6B5D50,107,93,80,summer,,dimgray
#54B8B8,84,184,184,summer,,mediumaquamarine
#75FAFB,117,250,251,summer,,aquamarine
#4B9D77,75,157,119,summer,,mediumseagreen
#59B5AB,89,181,171,summer,,cadetblue
#509CA7,80,156,167,summer,,cadetblue
#3567A0,53,103,160,summer,,steelblue
#41619B,65,97,155,summer,,darkslateblue
#6B917F,107,145,127,summer,,slategray
#528278,82,130,120,summer,,dimgray
#648C8B,100,140,139,summer,,slategray
#5B7990,91,121,144,summer,,slategray
#5B5F79,91,95,121,summer,,dimgray
#A96285,169,98,133,summer,,rosybrown
#42867E,66,134,126,summer,,seagreen
#30674B,48,103,75,summer,,darkslategray
#478F96,71,143,150,summer,,cadetblue
#436C9C,67,108,156,summer,,steelblue
#4F4773,79,71,115,summer,,darkslateblue
#6D4360,109,67,96,summer,,dimgray
#925983,146,89,131,summer,,gray
#41193A,65,25,58,summer,,darkslategray
#410D35,65,13,53,summer,,midnightblue
#392835,57,40,53,summer,,darkslategray
#4E464F,78,70,79,summer,,darkslategray
#4E3449,78,52,73,summer,,darkslategray
#30654E,48,101,78,summer,,darkslategray
#418865,65,136,101,summer,,seagreen
#225457,34,84,87,summer,,darkslategray
#356651,53,102,81,summer,,darkslategray
#3F7C74,63,124,116,summer,,seagreen
#417F91,65,127,145,summer,,steelblue
#2C5A88,44,90,136,summer,,darkslateblue
#28447A,40,68,122,summer,,darkslateblue
#3E564D,62,86,77,summer,,darkslategray
#37514E,55,81,78,summer,,darkslategray
#325255,50,82,85,summer,,darkslategray
#344452,52,68,82,summer,,darkslategray
#343748,52,55,72,summer,,darkslategray
#7B3553,123,53,83,summer,,dimgray
#2A5754,42,87,84,summer,,darkslategray
#254632,37,70,50,summer,,darkslategray
#2D5A67,45,90,103,summer,,darkslategray
#2B4468,43,68,104,summer,,darkslategray
#978391,151,131,145,summer,,gray
#9A9599,154,149,153,summer,,darkgray
#A2363D,162,54,61,summer,,brown
#A65259,166,82,89,summer,,indianred
#AB858A,171,133,138,summer,,rosybrown
#B0A3A6,176,163,166,summer,,darkgray
#FEFFAE,254,255,174,summer,,moccasin
#EFFE96,239,254,150,summer,,khaki
#D5E587,213,229,135,summer,,khaki
#535935,83,89,53,summer,,darkolivegreen
#DFD4C1,223,212,193,autumn,,lightgray
#DCD3AF,220,211,175,autumn,,wheat
#BEBAB3,190,186,179,autumn,,silver
#352931,53,41,49,autumn,,darkslategray
#EDC88B,237,200,139,autumn,,burlywood
#EA8C8F,234,140,143,autumn,,lightcoral
#E89891,232,152,145,autumn,,darksalmon
#DBDCD5,219,220,213,autumn,,gainsboro
#C2C2B9,194,194,185,autumn,,silver
#A7A786,167,167,134,autumn,,rosybrown
#D0AC87,208,172,135,autumn,,tan
#896456,137,100,86,autumn,,dimgray
#E1D09B,225,208,155,autumn,,khaki
#E19B99,225,155,153,autumn,,tan
#E7DCC7,231,220,199,autumn,,gainsboro
#ECCFC1,236,207,193,autumn,,wheat
#BEC0A8,190,192,168,autumn,,silver
#C8AE8B,200,174,139,autumn,,tan
#E2B28C,226,178,140,autumn,,burlywood
#EDC474,237,196,116,autumn,,burlywood
#F1A284,241,162,132,autumn,,lightsalmon
#A4B58D,164,181,141,autumn,,darkseagreen
#49905D,73,144,93,autumn,,seagreen
#304C3F,48,76,63,autumn,,darkslategray
#5A8184,90,129,132,autumn,,slategray
#3C778C,60,119,140,autumn,,steelblue
#4797A2,71,151,162,autumn,,cadetblue
#736F2C,115,111,44,autumn,,darkolivegreen
#524821,82,72,33,autumn,,darkolivegreen
#132911,19,41,17,autumn,,black
#286029,40,96,41,autumn,,darkslategray
#CBBBA6,203,187,166,autumn,,tan
#D4D5AB,212,213,171,autumn,,palegoldenrod
#8B867F,139,134,127,autumn,,gray
#223431,34,52,49,autumn,,darkslategray
#CFAE73,207,174,115,autumn,,darkkhaki
#C3575D,195,87,93,autumn,,indianred
#E08379,224,131,121,autumn,,lightcoral
#DFDECE,223,222,206,autumn,,gainsboro
#9C968D,156,150,141,autumn,,rosybrown
#7E7D61,126,125,97,autumn,,dimgray
#BE997B,190,153,123,autumn,,rosybrown
#815653,129,86,83,autumn,,dimgray
#EACB9B,234,203,155,autumn,,burlywood
#D87F7C,216,127,124,autumn,,lightcoral
#DDD0BB,221,208,187,autumn,,lightgray
#EFBEAD,239,190,173,autumn,,lightpink
#878976,135,137,118,autumn,,gray
#756656,117,102,86,autumn,,dimgray
#E59E6C,229,158,108,autumn,,darksalmon
#ECB46F,236,180,111,autumn,,sandybrown
#DB8F89,219,143,137,autumn,,darksalmon
#7D3F41,125,63,65,autumn,,sienna
#972C2B,151,44,43,autumn,,brown
#B9362D,185,54,45,autumn,,brown
#2E233B,46,35,59,autumn,,darkslategray
#5E73A8,94,115,168,autumn,,steelblue
#2B5670,43,86,112,autumn,,darkslategray
#204F25,32,79,37,autumn,,darkslategray
#14371B,20,55,27,autumn,,darkgreen
#0D261B,13,38,27,autumn,,black
#14352B,20,53,43,autumn,,darkslategray
#E5D1B3,229,209,179,autumn,,wheat
#EAD9AB,234,217,171,autumn,,wheat
#56504D,86,80,77,autumn,,darkslategray
#253451,37,52,81,autumn,,darkslategray
#B28E62,178,142,98,autumn,,darkkhaki
#DA8470,218,132,112,autumn,,darksalmon
#BA5B59,186,91,89,autumn,,indianred
#DCD7C9,220,215,201,autumn,,lightgray
#65635D,101,99,93,autumn,,dimgray
#535042,83,80,66,autumn,,darkolivegreen
#937A61,147,122,97,autumn,,gray
#603937,96,57,55,autumn,,darkolivegreen
#E9CC91,233,204,145,autumn,,burlywood
#AC545A,172,84,90,autumn,,indianred
#D0C4B3,208,196,179,autumn,,silver
#BABBAE,186,187,174,autumn,,silver
#867A69,134,122,105,autumn,,gray
#654F36,101,79,54,autumn,,darkolivegreen
#9F6658,159,102,88,autumn,,indianred
#CF7754,207,119,84,autumn,,peru
#DC8E8A,220,142,138,autumn,,darksalmon
#612F2E,97,47,46,autumn,,saddlebrown
#9A3A2C,154,58,44,autumn,,brown
#D89676,216,150,118,autumn,,darksalmon
#B93C29,185,60,41,autumn,,brown
#C6822E,198,130,46,autumn,,peru
#CA9C42,202,156,66,autumn,,peru
#4D1331,77,19,49,autumn,,maroon
#0A0D23,10,13,35,autumn,,black
#061523,6,21,35,autumn,,black
#05131C,5,19,28,autumn,,black
#E7CDAA,231,205,170,autumn,,wheat
#EFC5B9,239,197,185,autumn,,lightpink
#A29584,162,149,132,autumn,,rosybrown
#E1A981,225,169,129,autumn,,burlywood
#B56B5D,181,107,93,autumn,,indianred
#8E4546,142,69,70,autumn,,sienna
#C3C1AC,195,193,172,autumn,,silver
#858A88,133,138,136,autumn,,gray
#879271,135,146,113,autumn,,gray
#6B5846,107,88,70,autumn,,darkolivegreen
#513735,81,55,53,autumn,,darkslategray
#D7B882,215,184,130,autumn,,burlywood
#DA7A71,218,122,113,autumn,,lightcoral
#EADBB5,234,219,181,autumn,,wheat
#8A8681,138,134,129,autumn,,gray
#675F53,103,95,83,autumn,,dimgray
#4C3E38,76,62,56,autumn,,darkslategray
#7A4844,122,72,68,autumn,,sienna
#D0A466,208,164,102,autumn,,darkkhaki
#DB6055,219,96,85,autumn,,indianred
#4C4439,76,68,57,autumn,,darkslategray
#7E6450,126,100,80,autumn,,dimgray
#A28866,162,136,102,autumn,,gray
#9E9171,158,145,113,autumn,,gray
#D8D4C1,216,212,193,autumn,,lightgray
#D4A55D,212,165,93,autumn,,sandybrown
#581117,88,17,23,autumn,,maroon
#A03632,160,54,50,autumn,,brown
#DF3727,223,55,39,autumn,,crimson
#E94F32,233,79,50,autumn,,tomato
#C8AB87,200,171,135,autumn,,tan
#A6D2CF,166,210,207,autumn,,lightsteelblue
#5A4E4F,90,78,79,autumn,,dimgray
#252525,37,37,37,autumn,,darkslategray
#B67E64,182,126,100,autumn,,indianred
#6A3837,106,56,55,autumn,,saddlebrown
#672D30,103,45,48,autumn,,saddlebrown
#B6B097,182,176,151,autumn,,darkgray
#3D4344,61,67,68,autumn,winter,darkslategray
#3E4536,62,69,54,autumn,,darkslategray
#413431,65,52,49,autumn,,darkslategray
#4A3134,74,49,52,autumn,,darkslategray
#C0A977,192,169,119,autumn,,darkkhaki
#9A4D4B,154,77,75,autumn,,sienna
#EAD3A0,234,211,160,autumn,,palegoldenrod
#564845,86,72,69,autumn,,darkslategray
#49463E,73,70,62,autumn,,darkslategray
#403436,64,52,54,autumn,,darkslategray
#412A2A,65,42,42,autumn,,darkslategray
#A98450,169,132,80,autumn,,peru
#C13E3E,193,62,62,autumn,,brown
#302B2B,48,43,43,autumn,,darkslategray
#656A4C,101,106,76,autumn,,dimgray
#6F6849,111,104,73,autumn,,dimgray
#424434,66,68,52,autumn,,darkslategray
#223547,34,53,71,autumn,,darkslategray
#6B665D,107,102,93,autumn,,dimgray
#46281F,70,40,31,autumn,,darkslategray
#441E1B,68,30,27,autumn,,maroon
#713126,113,49,38,autumn,,saddlebrown
#8C2B1B,140,43,27,autumn,,saddlebrown
#C67269,198,114,105,autumn,,indianred
#ABBB8A,171,187,138,autumn,,darkseagreen
#70C3BE,112,195,190,autumn,,mediumaquamarine
#77B5CA,119,181,202,autumn,,mediumaquamarine
#D2A9BF,210,169,191,autumn,,silver
#96885C,150,136,92,autumn,,gray
#F2C9C4,242,201,196,autumn,,pink
#F4C2C8,244,194,200,autumn,,pink
#A4D3BB,164,211,187,autumn,,silver
#74C0B8,116,192,184,autumn,,mediumaquamarine
#76A8C4,118,168,196,autumn,,cadetblue
#8991BD,137,145,189,autumn,,lightslategray
#773532,119,53,50,autumn,,saddlebrown
#BEBA87,190,186,135,autumn,,tan
#8BB073,139,176,115,autumn,,darkseagreen
#5CACB5,92,172,181,autumn,,cadetblue
#647EAA,100,126,170,autumn,,lightslategray
#423954,66,57,84,autumn,,darkslategray
#657EA5,101,126,165,autumn,,slategray
#131929,19,25,41,autumn,,black
#2E2A2F,46,42,47,autumn,,darkslategray
#253D5C,37,61,92,autumn,,darkslategray
#3C2B2E,60,43,46,autumn,,darkslategray
#4E3597,78,53,151,autumn,,darkslateblue
#4E8F7E,78,143,126,autumn,,cadetblue
#4D3927,77,57,39,autumn,,darkolivegreen
#342820,52,40,32,autumn,,darkslategray
#775B36,119,91,54,autumn,,darkolivegreen
#C46637,196,102,55,autumn,,chocolate
#C94A52,201,74,82,autumn,,indianred
#B1BF74,177,191,116,autumn,,darkkhaki
#529E97,82,158,151,autumn,,cadetblue
#4C96B3,76,150,179,autumn,,steelblue
#B77A9A,183,122,154,autumn,,rosybrown
#80724D,128,114,77,autumn,,dimgray
#F2AD9F,242,173,159,autumn,,burlywood
#F2AAB3,242,170,179,autumn,,lightpink
#87BCA2,135,188,162,autumn,,darkseagreen
#58A498,88,164,152,autumn,,cadetblue
#4879A2,72,121,162,autumn,,steelblue
#576089,87,96,137,autumn,,dimgray
#AB4E3F,171,78,63,autumn,,sienna
#9CA472,156,164,114,autumn,,darkkhaki
#4A6F37,74,111,55,autumn,,darkolivegreen
#3C787B,60,120,123,autumn,,seagreen
#37426A,55,66,106,autumn,,darkslategray
#3F3437,63,52,55,autumn,,darkslategray
#3E787C,62,120,124,autumn,,seagreen
#BABCAE,186,188,174,autumn,,silver
#574639,87,70,57,autumn,,darkolivegreen
#648160,100,129,96,autumn,,dimgray
#4E283E,78,40,62,autumn,,darkslategray
#4C2A4A,76,42,74,autumn,,darkslategray
#5C263F,92,38,63,autumn,,darkslategray
#A5305E,165,48,94,autumn,,brown
#AA865E,170,134,94,autumn,,peru
#EE9C47,238,156,71,autumn,,sandybrown
#ECA14A,236,161,74,autumn,,sandybrown
#D97433,217,116,51,autumn,,peru
#AE3F4C,174,63,76,autumn,,sienna
#909C61,144,156,97,autumn,,gray
#569183,86,145,131,autumn,,cadetblue
#397288,57,114,136,autumn,,steelblue
#935374,147,83,116,autumn,,dimgray
#4C4532,76,69,50,autumn,,darkolivegreen
#E08382,224,131,130,autumn,,lightcoral
#DC7785,220,119,133,autumn,,palevioletred
#56826D,86,130,109,autumn,,dimgray
#2F625D,47,98,93,autumn,,darkslategray
#274B6B,39,75,107,autumn,,darkslategray
#2F3350,47,51,80,autumn,,darkslategray
#953E4A,149,62,74,autumn,,sienna
#A19950,161,153,80,autumn,,darkkhaki
#3F764B,63,118,75,autumn,,seagreen
#66B0C4,102,176,196,autumn,,mediumaquamarine
#6D5C86,109,92,134,autumn,,dimgray
#6B5F38,107,95,56,autumn,,darkolivegreen
#D1A366,209,163,102,autumn,,darkkhaki
#DDD0BD,221,208,189,autumn,,lightgray
#C32F45,195,47,69,autumn,,crimson
#D23242,210,50,66,autumn,,crimson
#EB508D,235,80,141,autumn,,palevioletred
#E37776,227,119,118,autumn,,lightcoral
#53592E,83,89,46,autumn,,darkolivegreen
#5F943D,95,148,61,autumn,,olivedrab
#A68432,166,132,50,autumn,,peru
#656B36,101,107,54,autumn,,darkolivegreen
#2B2C47,43,44,71,autumn,,darkslategray
#585776,88,87,118,autumn,,dimgray
#923443,146,52,67,autumn,,brown
#60663E,96,102,62,autumn,,darkolivegreen
#3A6354,58,99,84,autumn,,darkslategray
#316472,49,100,114,autumn,,darkslategray
#67384F,103,56,79,autumn,,dimgray
#B75C5A,183,92,90,autumn,,indianred
#B35261,179,82,97,autumn,,indianred
#4D887E,77,136,126,autumn,,slategray
#3D7159,61,113,89,autumn,,seagreen
#5A74A1,90,116,161,autumn,,slategray
#692D31,105,45,49,autumn,,saddlebrown
#6A5F34,106,95,52,autumn,,darkolivegreen
#2E533A,46,83,58,autumn,,darkslategray
#377082,55,112,130,autumn,,seagreen
#433951,67,57,81,autumn,,darkslategray
#635032,99,80,50,autumn,,darkolivegreen
#AC834F,172,131,79,autumn,,peru
#EAD3A2,234,211,162,autumn,,palegoldenrod
#8EAB3E,142,171,62,autumn,,yellowgreen
#905E1F,144,94,31,autumn,,sienna
#917432,145,116,50,autumn,,sienna
#C2973D,194,151,61,autumn,,peru
#917349,145,115,73,autumn,,sienna
#E9EB4E,233,235,78,autumn,,khaki
#2C1C32,44,28,50,autumn,,darkslategray
#772526,119,37,38,autumn,,saddlebrown
#AA3F2D,170,63,45,autumn,,sienna
#89211D,137,33,29,autumn,,brown
#452327,69,35,39,autumn,,darkslategray
#2D3229,45,50,41,autumn,,darkslategray
#243B37,36,59,55,autumn,,darkslategray
#24403E,36,64,62,autumn,,darkslategray
#294056,41,64,86,autumn,,darkslategray
#833638,131,54,56,autumn,,brown
#7B313A,123,49,58,autumn,,brown
#24423B,36,66,59,autumn,,darkslategray
#253E2B,37,62,43,autumn,,darkslategray
#243254,36,50,84,autumn,,darkslategray
#372127,55,33,39,autumn,,darkslategray
#3A3625,58,54,37,autumn,,darkslategray
#233529,35,53,41,autumn,,darkslategray
#254651,37,70,81,autumn,,darkslategray
#686136,104,97,54,autumn,,darkolivegreen
#E8682C,232,104,44,autumn,,chocolate
#511F15,81,31,21,autumn,,maroon
#982214,152,34,20,autumn,,brown
#CD3D2A,205,61,42,autumn,,firebrick
#97311C,151,49,28,autumn,,brown
#B6A574,182,165,116,autumn,,darkkhaki
#8B3D25,139,61,37,autumn,,saddlebrown
#C26036,194,96,54,autumn,,chocolate
#B67E45,182,126,69,autumn,,peru
#CAAF48,202,175,72,autumn,,darkkhaki
#FFFFFF,255,255,255,winter,,white
#CFD1D0,207,209,208,winter,,lightgray
#EEE5B0,238,229,176,winter,,palegoldenrod
#EFDE86,239,222,134,winter,,khaki
#E48289,228,130,137,winter,,lightcoral
#E47FA5,228,127,165,winter,,palevioletred
#E07FBC,224,127,188,winter,,orchid
#CFD2D3,207,210,211,winter,,lightgray
#F0D5DF,240,213,223,winter,,mistyrose
#F7EC85,247,236,133,winter,,khaki
#64C27D,100,194,125,winter,,mediumseagreen
#59BB91,89,187,145,winter,,cadetblue
#64B6D3,100,182,211,winter,,mediumturquoise
#CFD2D3,207,210,211,winter,,lightgray
#ECE7AC,236,231,172,winter,,palegoldenrod
#F5E684,245,230,132,winter,,khaki
#C04150,192,65,80,winter,,indianred
#A4313D,164,49,61,winter,,brown
#DE737D,222,115,125,winter,,palevioletred
#07080A,7,8,10,winter,,black
#111017,17,16,23,winter,,black
#2D3638,45,54,56,winter,,darkslategray
#465960,70,89,96,winter,,darkslategray
#131630,19,22,48,winter,,black
#080931,8,9,49,winter,,black
#050B88,5,11,136,winter,,darkblue
#102CC6,16,44,198,winter,,mediumblue
#4E5C63,78,92,99,winter,,dimgray
#A2B1AD,162,177,173,winter,,darkgray
#E3E2D7,227,226,215,winter,,gainsboro
#BABFBD,186,191,189,winter,,silver
#EED4D0,238,212,208,winter,,gainsboro
#F9DA7F,249,218,127,winter,,khaki
#D25862,210,88,98,winter,,indianred
#CB5571,203,85,113,winter,,indianred
#B94F92,185,79,146,winter,,palevioletred
#E1DFDA,225,223,218,winter,,gainsboro
#BBC0C0,187,192,192,winter,,silver
#F9F0A2,249,240,162,winter,,palegoldenrod
#F9E675,249,230,117,winter,,khaki
#55B46C,85,180,108,winter,,mediumseagreen
#38795F,56,121,95,winter,,seagreen
#4B97BF,75,151,191,winter,,steelblue
#DFDCD4,223,220,212,winter,,gainsboro
#C4C9C9,196,201,201,winter,,silver
#E8CFD4,232,207,212,winter,,gainsboro
#F2D27D,242,210,125,winter,,khaki
#D35669,211,86,105,winter,,indianred
#812C3A,129,44,58,winter,,brown
#CC4F5D,204,79,93,winter,,indianred
#346388,52,99,136,winter,,darkslateblue
#1F3F91,31,63,145,winter,,darkslateblue
#292E39,41,46,57,winter,,darkslategray
#2D2F37,45,47,55,winter,,darkslategray
#281F3E,40,31,62,winter,,darkslategray
#0C0081,12,0,129,winter,,navy
#260375,38,3,117,winter,,midnightblue
#1D02BF,29,2,191,winter,,mediumblue
#3F219C,63,33,156,winter,,darkslateblue
#490EB5,73,14,181,winter,,indigo
#CCCCC5,204,204,197,winter,,lightgray
#99A09C,153,160,156,winter,,darkgray
#BDE3DF,189,227,223,winter,,powderblue
#F4CF75,244,207,117,winter,,khaki
#C14444,193,68,68,winter,,indianred
#D55A72,213,90,114,winter,,indianred
#7A3068,122,48,104,winter,,purple
#D1D1C7,209,209,199,winter,,lightgray
#8B9493,139,148,147,winter,,lightslategray
#BCE6C7,188,230,199,winter,,lightgray
#F9DB70,249,219,112,winter,,khaki
#387949,56,121,73,winter,,seagreen
#23493F,35,73,63,winter,,darkslategray
#2C5E81,44,94,129,winter,,darkslateblue
#C4C4BB,196,196,187,winter,,silver
#9B9E9D,155,158,157,winter,,darkgray
#BFDFD6,191,223,214,winter,,powderblue
#EAC37A,234,195,122,winter,,burlywood
#E8819F,232,129,159,winter,,palevioletred
#903136,144,49,54,winter,,brown
#772C34,119,44,52,winter,,saddlebrown
#340A26,52,10,38,winter,,black
#3B0B41,59,11,65,winter,,midnightblue
#60225D,96,34,93,winter,,indigo
#6E2141,110,33,65,winter,,brown
#982A93,152,42,147,winter,,darkmagenta
#B456BC,180,86,188,winter,,mediumorchid
#EA5FF3,234,95,243,winter,,violet
#E73357,231,51,87,winter,,crimson
#EA333A,234,51,58,winter,,crimson
#D83030,216,48,48,winter,,crimson
#9E9D9A,158,157,154,winter,,darkgray
#3D4242,61,66,66,winter,,darkslategray
#F5D4EB,245,212,235,winter,,mistyrose
#B3D367,179,211,103,winter,,darkkhaki
#CA4C6D,202,76,109,winter,,indianred
#BD3B4D,189,59,77,winter,,indianred
#B33D76,179,61,118,winter,,mediumvioletred
#9C938B,156,147,139,winter,,rosybrown
#B5E6EC,181,230,236,winter,,powderblue
#CC4550,204,69,80,winter,,indianred
#2B5A3E,43,90,62,winter,,darkslategray
#54A9B6,84,169,182,winter,,cadetblue
#4783C0,71,131,192,winter,,steelblue
#9B9993,155,153,147,winter,,darkgray
#3E4445,62,68,69,winter,,darkslategray
#B2D4E4,178,212,228,winter,,lightblue
#91BD60,145,189,96,winter,,darkkhaki
#CD5474,205,84,116,winter,,indianred
#692731,105,39,49,winter,,saddlebrown
#5A282A,90,40,42,winter,,saddlebrown
#214635,33,70,53,winter,,darkslategray
#2E6028,46,96,40,winter,,darkolivegreen
#366342,54,99,66,winter,,darkslategray
#62B84D,98,184,77,winter,,mediumseagreen
#65BB6D,101,187,109,winter,,mediumseagreen
#65CB50,101,203,80,winter,,mediumseagreen
#841A21,132,26,33,winter,,brown
#75162D,117,22,45,winter,,maroon
#7C1A40,124,26,64,winter,,brown
#B52643,181,38,67,winter,,brown
#5F5D58,95,93,88,winter,,dimgray
#141414,20,20,20,winter,,black
#D6D1EA,214,209,234,winter,,gainsboro
#88A459,136,164,89,winter,,gray
#8E3248,142,50,72,winter,,brown
#792B37,121,43,55,winter,,brown
#5F2746,95,39,70,winter,,darkslategray
#756F6C,117,111,108,winter,,dimgray
#0E0E0E,14,14,14,winter,,black
#CBD4EE,203,212,238,winter,,gainsboro
#9F3344,159,51,68,winter,,brown
#22372F,34,55,47,winter,,darkslategray
#306571,48,101,113,winter,,darkslategray
#2B5FA8,43,95,168,winter,,steelblue
#6D6863,109,104,99,winter,,dimgray
#000000,0,0,0,winter,,black
#BEC5E3,190,197,227,winter,,lightsteelblue
#4A6634,74,102,52,winter,,darkolivegreen
#702939,112,41,57,winter,,saddlebrown
#51252E,81,37,46,winter,,darkslategray
#2F2021,47,32,33,winter,,black
#112210,17,34,16,winter,,black
#1F4228,31,66,40,winter,,darkslategray
#0F1E25,15,30,37,winter,,black
#E9FE86,233,254,134,winter,,khaki
#ECFEA2,236,254,162,winter,,palegoldenrod
#1C0B11,28,11,17,winter,,black
#F6E0FC,246,224,252,winter,,lavender
#D2F4F2,210,244,242,winter,,lightcyan
#E0FEE1,224,254,225,winter,,honeydew
#FEFEFE,254,254,254,winter,,white
#D37DC3,211,125,195,winter,,orchid
#6ECF8D,110,207,141,winter,,mediumaquamarine
#77D1DD,119,209,221,winter,,skyblue
#81B4DE,129,180,222,winter,,skyblue
#607DC3,96,125,195,winter,,steelblue
#847EC1,132,126,193,winter,,mediumpurple
#F5C4E6,245,196,230,winter,,pink
#F097BF,240,151,191,winter,,lightpink
#E9A1CC,233,161,204,winter,,plum
#BE84CA,190,132,202,winter,,orchid
#733966,115,57,102,winter,,dimgray
#4565AE,69,101,174,winter,,steelblue
#54AD7D,84,173,125,winter,,mediumseagreen
#63C1AD,99,193,173,winter,,mediumaquamarine
#6FB7D9,111,183,217,winter,,skyblue
#7AB2DC,122,178,220,winter,,skyblue
#AA8DBA,170,141,186,winter,,darkgray
#D883A0,216,131,160,winter,,palevioletred
#F5F1EC,245,241,236,winter,,linen
#CEBFAD,206,191,173,winter,,silver
#DED9D4,222,217,212,winter,,gainsboro
#837C6D,131,124,109,winter,,gray
#403E41,64,62,65,winter,,darkslategray
#221C17,34,28,23,winter,,black
#211E2D,33,30,45,winter,,darkslategray
#31324F,49,50,79,winter,,darkslategray
#3A3A72,58,58,114,winter,,darkslateblue
#33447D,51,68,125,winter,,darkslateblue
#90488E,144,72,142,winter,,gray
#4FA560,79,165,96,winter,,mediumseagreen
#76D2DC,118,210,220,winter,,skyblue
#304E9A,48,78,154,winter,,darkslateblue
#5F59A3,95,89,163,winter,,slateblue
#F09DD6,240,157,214,winter,,plum
#E2688C,226,104,140,winter,,palevioletred
#CC6091,204,96,145,winter,,palevioletred
#80539B,128,83,155,winter,,slategray
#56386E,86,56,110,winter,,darkslateblue
#284089,40,64,137,winter,,darkslateblue
#2B5842,43,88,66,winter,,darkslategray
#306459,48,100,89,winter,,darkslategray
#3979A0,57,121,160,winter,,steelblue
#326599,50,101,153,winter,,steelblue
#936A9B,147,106,155,winter,,gray
#833A50,131,58,80,winter,,sienna
#4E8ABE,78,138,190,winter,,steelblue
#3E73A2,62,115,162,winter,,steelblue
#336192,51,97,146,winter,,darkslateblue
#E1DB62,225,219,98,winter,,khaki
#4A9068,74,144,104,winter,,seagreen
#3D6A46,61,106,70,winter,,darkslategray
#2E4443,46,68,67,winter,,darkslategray
#B03433,176,52,51,winter,,brown
#90282C,144,40,44,winter,,brown
#742125,116,33,37,winter,,saddlebrown
#5C3068,92,48,104,winter,,darkslateblue
#2F623E,47,98,62,winter,,darkslategray
#6FC4E7,111,196,231,winter,,skyblue
#6993C9,105,147,201,winter,,cornflowerblue
#212B50,33,43,80,winter,,midnightblue
#242955,36,41,85,winter,,midnightblue
#EA7FB7,234,127,183,winter,,hotpink
#E5679C,229,103,156,winter,,palevioletred
#9C3967,156,57,103,winter,,indianred
#5B3674,91,54,116,winter,,darkslateblue
#373976,55,57,118,winter,,darkslateblue
#252E52,37,46,82,winter,,darkslategray
#223A34,34,58,52,winter,,darkslategray
#4A95A9,74,149,169,winter,,steelblue
#264C64,38,76,100,winter,,darkslategray
#6591E7,101,145,231,winter,,cornflowerblue
#4C2F4F,76,47,79,winter,,darkslategray
#332027,51,32,39,winter,,darkslategray
#D8E8E4,216,232,228,winter,,gainsboro
#C3D8DF,195,216,223,winter,,lightgray
#ECECC5,236,236,197,winter,,blanchedalmond
#F6F1EA,246,241,234,winter,,linen
#F2EDE9,242,237,233,winter,,linen
#BD4D87,189,77,135,winter,,palevioletred
#B83D68,184,61,104,winter,,indianred
#B7577B,183,87,123,winter,,indianred
#493572,73,53,114,winter,,darkslateblue
#3C3847,60,56,71,winter,,darkslategray
#5D4E97,93,78,151,winter,,darkslateblue
#50A493,80,164,147,winter,,cadetblue
#4F9EC9,79,158,201,winter,,steelblue
#3056A1,48,86,161,winter,,darkslateblue
#2B2122,43,33,34,winter,,black
#E86CB1,232,108,177,winter,,hotpink
#9A3A67,154,58,103,winter,,indianred
#6C2A43,108,42,67,winter,,brown
#985BA0,152,91,160,winter,,gray
#2F2C58,47,44,88,winter,,darkslategray
#262121,38,33,33,winter,,black
#2A2F26,42,47,38,winter,,darkslategray
#336B77,51,107,119,winter,,seagreen
#346893,52,104,147,winter,,steelblue
#2C508B,44,80,139,winter,,darkslateblue
#292231,41,34,49,winter,,darkslategray
#EBFE91,235,254,145,winter,,khaki
#EEFEA0,238,254,160,winter,,palegoldenrod
#ADBF61,173,191,97,winter,,darkkhaki
#DD4F5D,221,79,93,winter,,indianred
#DD383F,221,56,63,winter,,crimson
#C12A29,193,42,41,winter,,firebrick
#78172D,120,23,45,winter,,brown
#5A0E23,90,14,35,winter,,maroon
#792A43,121,42,67,winter,,brown
#3F219B,63,33,155,winter,,darkslateblue
#2F2F69,47,47,105,winter,,midnightblue
#29524D,41,82,77,winter,,darkslategray
#2C5E7C,44,94,124,winter,,darkslateblue
#202F5C,32,47,92,winter,,midnightblue
#231E20,35,30,32,winter,,black
#9B3567,155,53,103,winter,,mediumvioletred
#4E2539,78,37,57,winter,,darkslategray
#372330,55,35,48,winter,,darkslategray
#402B56,64,43,86,winter,,darkslategray
#212E4B,33,46,75,winter,,darkslategray
#2E2321,46,35,33,winter,,darkslategray
#20373D,32,55,61,winter,,darkslategray
#213142,33,49,66,winter,,darkslategray
#1F2C48,31,44,72,winter,,darkslategray
#2A1D22,42,29,34,winter,,black
#5F5F5F,95,95,95,winter,,dimgray
#97B993,151,185,147,winter,,darkseagreen
#498A3B,73,138,59,winter,,darkolivegreen
#62B74F,98,183,79,winter,,mediumseagreen
#27298A,39,41,138,winter,,midnightblue
#030367,3,3,103,winter,,navy
#040B89,4,11,137,winter,,darkblue
#5C3EA3,92,62,163,winter,,darkslateblue
#331977,51,25,119,winter,,midnightblue
