cl_url,cl_photo_path,user_id,cl_category,cl_personal_color,cl_color,cl_style
https://www.musinsa.com/app/goods/2818019?loc=goods_rank,https://image.msscdn.net/images/goods_img/20220926/2818019/2818019_17133380703948_500.jpg,1,10,winter,black,Casual
https://www.musinsa.com/app/goods/4095484?loc=goods_rank,https://image.msscdn.net/images/goods_img/20240429/4095484/4095484_17143917545540_500.jpg,1,10,summer,white,Street
https://www.musinsa.com/app/goods/4057907?loc=goods_rank,https://image.msscdn.net/images/goods_img/20240416/4057907/4057907_17132450402414_500.jpg,1,10,winter,white,Casual
https://www.musinsa.com/app/goods/3882963?loc=goods_rank,https://image.msscdn.net/images/goods_img/20240220/3882963/3882963_17083975268232_500.jpg,1,10,summer,gray,Feminine
https://www.musinsa.com/app/goods/3050501?loc=goods_rank,https://image.msscdn.net/images/goods_img/20230131/3050501/3050501_16934592888732_500.jpg,1,10,summer,gray,Street
https://www.musinsa.com/app/goods/1561342?loc=goods_rank,https://image.msscdn.net/images/goods_img/20200824/1561342/1561342_3_500.jpg,1,10,spring,white,Street
https://www.musinsa.com/app/goods/3839577?loc=goods_rank,https://image.msscdn.net/images/goods_img/20240201/3839577/3839577_17078040452472_500.jpg,1,10,summer,gray,Casual
https://www.musinsa.com/app/goods/847182?loc=goods_rank,https://image.msscdn.net/images/goods_img/20180904/847182/847182_2_500.jpg,1,10,winter,black,Street
https://www.musinsa.com/app/goods/3821986?loc=goods_rank,https://image.msscdn.net/images/goods_img/20240125/3821986/3821986_17093133130605_500.jpg,1,10,summer,white,Street
https://www.musinsa.com/app/goods/3973628?loc=goods_rank,https://image.msscdn.net/images/goods_img/20240320/3973628/3973628_17109330506072_500.jpg,1,10,spring,black,Casual
https://www.musinsa.com/app/goods/3441397?loc=goods_rank,https://image.msscdn.net/images/goods_img/20230802/3441397/3441397_17080661329178_500.jpg,1,10,autumn,black,Street
https://www.musinsa.com/app/goods/3162528?loc=goods_rank,https://image.msscdn.net/images/goods_img/20230320/3162528/3162528_16796301495344_500.jpg,1,10,winter,white,Casual
https://www.musinsa.com/app/goods/2455460?loc=goods_rank,https://image.msscdn.net/images/goods_img/20220330/2455460/2455460_1_500.jpg,1,10,winter,black,Street
https://www.musinsa.com/app/goods/3156318?loc=goods_rank,https://image.msscdn.net/images/goods_img/20230317/3156318/3156318_16805198153514_500.jpg,1,10,winter,white,Casual
https://www.musinsa.com/app/goods/3986403?loc=goods_rank,https://image.msscdn.net/images/goods_img/20240325/3986403/3986403_17114386646531_500.jpg,1,10,winter,white,Casual
https://www.musinsa.com/app/goods/3906961?loc=goods_rank,https://image.msscdn.net/images/goods_img/20240227/3906961/3906961_17091026929685_500.jpg,1,10,winter,black,Feminine
https://www.musinsa.com/app/goods/2980870?loc=goods_rank,https://image.msscdn.net/images/goods_img/20221213/2980870/2980870_1_500.jpg,1,10,autumn,brown,Street
https://www.musinsa.com/app/goods/3727277?loc=goods_rank,https://image.msscdn.net/images/goods_img/20231121/3727277/3727277_17005863366994_500.jpg,1,10,autumn,black,Street
https://www.musinsa.com/app/goods/3468359?loc=goods_rank,https://image.msscdn.net/images/goods_img/20230816/3468359/3468359_16922678640491_500.jpg,1,10,autumn,brown,Casual
https://www.musinsa.com/app/goods/4035931?loc=goods_rank,https://image.msscdn.net/images/goods_img/20240408/4035931/4035931_17125611360125_500.jpg,1,10,winter,black,Street
https://www.musinsa.com/app/goods/3986651?loc=goods_rank,https://image.msscdn.net/images/goods_img/20240325/3986651/3986651_17113483185323_500.jpg,1,10,winter,white,Street
https://www.musinsa.com/app/goods/2552395?loc=goods_rank,https://image.msscdn.net/images/goods_img/20220511/2552395/2552395_16735742194127_500.jpg,1,10,spring,green,Casual
https://www.musinsa.com/app/goods/2966829?loc=goods_rank,https://image.msscdn.net/images/goods_img/20221130/2966829/2966829_2_500.jpg,1,10,summer,gray,Feminine
https://www.musinsa.com/app/goods/3845015?loc=goods_rank,https://image.msscdn.net/images/goods_img/20240204/3845015/3845015_17092380815055_500.jpg,1,10,spring,gray,Street
https://www.musinsa.com/app/goods/3543440?loc=goods_rank,https://image.msscdn.net/images/goods_img/20230908/3543440/3543440_17017436040905_500.jpg,1,10,winter,white,Casual
https://www.musinsa.com/app/goods/2328387?loc=goods_rank,https://image.msscdn.net/images/goods_img/20220125/2328387/2328387_16952603174474_500.jpg,1,10,winter,black,Feminine
https://www.musinsa.com/app/goods/3984813?loc=goods_rank,https://image.msscdn.net/images/goods_img/20240323/3984813/3984813_17111798426294_500.jpg,1,10,autumn,white,Street
https://www.musinsa.com/app/goods/3170377?loc=goods_rank,https://image.msscdn.net/images/goods_img/20230322/3170377/3170377_16794686848387_500.jpg,1,10,summer,white,Street
https://www.musinsa.com/app/goods/3848731?loc=goods_rank,https://image.msscdn.net/images/goods_img/20240206/3848731/3848731_17085079675996_500.jpg,1,10,autumn,navy,Feminine
https://www.musinsa.com/app/goods/2852296?loc=goods_rank,https://image.msscdn.net/images/goods_img/20221011/2852296/2852296_17098745480344_500.jpg,1,10,spring,gray,Casual
https://www.musinsa.com/app/goods/3066189?loc=goods_rank,https://image.msscdn.net/images/goods_img/20230207/3066189/3066189_17067703801532_500.jpg,1,10,summer,white,Street
https://www.musinsa.com/app/goods/3212740?loc=goods_rank,https://image.msscdn.net/images/goods_img/20230406/3212740/3212740_16907870816130_500.png,1,10,summer,gray,Street
https://www.musinsa.com/app/goods/3792325?loc=goods_rank,https://image.msscdn.net/images/goods_img/20240112/3792325/3792325_17059902843202_500.jpg,1,10,winter,brown,Casual
https://www.musinsa.com/app/goods/3889988?loc=goods_rank,https://image.msscdn.net/images/goods_img/20240221/3889988/3889988_17085931794197_500.jpg,1,10,summer,gray,Feminine
https://www.musinsa.com/app/goods/3435307?loc=goods_rank,https://image.msscdn.net/images/goods_img/20230731/3435307/3435307_16919764638374_500.jpg,1,10,summer,gray,Street
https://www.musinsa.com/app/goods/3940883?loc=goods_rank,https://image.msscdn.net/images/goods_img/20240312/3940883/3940883_17103780694410_500.jpg,1,10,winter,white,Street
https://www.musinsa.com/app/goods/3851073?loc=goods_rank,https://image.msscdn.net/images/goods_img/20240206/3851073/3851073_17072076587737_500.jpg,1,10,summer,white,Casual
https://www.musinsa.com/app/goods/3465971?loc=goods_rank,https://image.msscdn.net/images/goods_img/20230816/3465971/3465971_16922487218271_500.jpg,1,10,autumn,gray,Feminine
https://www.musinsa.com/app/goods/3005822?loc=goods_rank,https://image.msscdn.net/images/goods_img/20230104/3005822/3005822_17049556519510_500.jpg,1,10,summer,gray,Street
https://www.musinsa.com/app/goods/2114743?loc=goods_rank,https://image.msscdn.net/images/goods_img/20210907/2114743/2114743_1_500.jpg,1,10,summer,brown,Casual
https://www.musinsa.com/app/goods/3798442?loc=goods_rank,https://image.msscdn.net/images/goods_img/20240116/3798442/3798442_17098887185147_500.jpg,1,10,summer,white,Street
https://www.musinsa.com/app/goods/2500345?loc=goods_rank,https://image.msscdn.net/images/goods_img/20220419/2500345/2500345_2_500.jpg,1,10,winter,white,Casual
https://www.musinsa.com/app/goods/2500344?loc=goods_rank,https://image.msscdn.net/images/goods_img/20220419/2500344/2500344_2_500.jpg,1,10,winter,white,Feminine
https://www.musinsa.com/app/goods/4021610?loc=goods_rank,https://image.msscdn.net/images/goods_img/20240403/4021610/4021610_17122012843175_500.jpg,1,10,summer,gray,Street
https://www.musinsa.com/app/goods/1608272?loc=goods_rank,https://image.msscdn.net/images/goods_img/20200917/1608272/1608272_1_500.jpg,1,10,autumn,green,Casual
https://www.musinsa.com/app/goods/3908701?loc=goods_rank,https://image.msscdn.net/images/goods_img/20240228/3908701/3908701_17098617030375_500.jpg,1,10,winter,white,Casual
https://www.musinsa.com/app/goods/3441438?loc=goods_rank,https://image.msscdn.net/images/goods_img/20230802/3441438/3441438_17109105881310_500.jpg,1,10,summer,white,Feminine
https://www.musinsa.com/app/goods/3826723?loc=goods_rank,https://image.msscdn.net/images/goods_img/20240126/3826723/3826723_17062603596844_500.jpg,1,10,spring,gray,Street
https://www.musinsa.com/app/goods/3856710?loc=goods_rank,https://image.msscdn.net/images/goods_img/20240207/3856710/3856710_17073055502396_500.jpg,1,10,winter,black,Street
https://www.musinsa.com/app/goods/3546037?loc=goods_rank,https://image.msscdn.net/images/goods_img/20230908/3546037/3546037_17090134816837_500.jpg,1,10,winter,black,Casual
https://www.musinsa.com/app/goods/3546038?loc=goods_rank,https://image.msscdn.net/images/goods_img/20230908/3546038/3546038_17086708831519_500.jpg,1,10,winter,white,Street
https://www.musinsa.com/app/goods/3441396?loc=goods_rank,https://image.msscdn.net/images/goods_img/20230802/3441396/3441396_17109851312458_500.jpg,1,10,summer,white,Casual
https://www.musinsa.com/app/goods/3105402?loc=goods_rank,https://image.msscdn.net/images/goods_img/20230223/3105402/3105402_16771498525065_500.jpg,1,10,winter,black,Feminine
https://www.musinsa.com/app/goods/2149254?loc=goods_rank,https://image.msscdn.net/images/goods_img/20210928/2149254/2149254_17138588137724_500.jpg,1,10,winter,white,Street
https://www.musinsa.com/app/goods/3518892?loc=goods_rank,https://image.msscdn.net/images/goods_img/20230831/3518892/3518892_16935374956888_500.jpg,1,10,autumn,brown,Casual
https://www.musinsa.com/app/goods/3518786?loc=goods_rank,https://image.msscdn.net/images/goods_img/20230831/3518786/3518786_16940483198675_500.jpg,1,10,winter,white,Feminine
https://www.musinsa.com/app/goods/4030661?loc=goods_rank,https://image.msscdn.net/images/goods_img/20240405/4030661/4030661_17122985474877_500.jpg,1,10,spring,brown,Street
https://www.musinsa.com/app/goods/3825992?loc=goods_rank,https://image.msscdn.net/images/goods_img/20240126/3825992/3825992_17073554825166_500.jpg,1,10,autumn,gray,Feminine
https://www.musinsa.com/app/goods/3836924?loc=goods_rank,https://image.msscdn.net/images/goods_img/20240131/3836924/3836924_17083233399018_500.png,1,10,autumn,black,Feminine
https://www.musinsa.com/app/goods/3813726?loc=goods_rank,https://image.msscdn.net/images/goods_img/20240122/3813726/3813726_17125573089021_500.jpg,1,10,autumn,navy,Street
https://www.musinsa.com/app/goods/3831448?loc=goods_rank,https://image.msscdn.net/images/goods_img/20240130/3831448/3831448_17072897061319_500.jpg,1,10,winter,brown,Street
https://www.musinsa.com/app/goods/3813681?loc=goods_rank,https://image.msscdn.net/images/goods_img/20240122/3813681/3813681_17072284329752_500.jpg,1,10,autumn,black,Casual
https://www.musinsa.com/app/goods/3813682?loc=goods_rank,https://image.msscdn.net/images/goods_img/20240122/3813682/3813682_17072152033010_500.jpg,1,10,spring,black,Feminine
https://www.musinsa.com/app/goods/3481033?loc=goods_rank,https://image.msscdn.net/images/goods_img/20230821/3481033/3481033_16926016839093_500.jpg,1,10,winter,white,Street
https://www.musinsa.com/app/goods/3803043?loc=goods_rank,https://image.msscdn.net/images/goods_img/20240117/3803043/3803043_17126292337950_500.jpg,1,10,summer,white,Street
https://www.musinsa.com/app/goods/3523517?loc=goods_rank,https://image.msscdn.net/images/goods_img/20230901/3523517/3523517_16941414997130_500.jpg,1,10,summer,white,Casual
https://www.musinsa.com/app/goods/3467812?loc=goods_rank,https://image.msscdn.net/images/goods_img/20230816/3467812/3467812_16923246695772_500.jpg,1,10,winter,white,Street
https://www.musinsa.com/app/goods/3730382?loc=goods_rank,https://image.msscdn.net/images/goods_img/20231123/3730382/3730382_17122206865473_500.jpg,1,10,summer,brown,Street
https://www.musinsa.com/app/goods/3859217?loc=goods_rank,https://image.msscdn.net/images/goods_img/20240208/3859217/3859217_17121971342200_500.jpg,1,10,winter,white,Street
https://www.musinsa.com/app/goods/3794314?loc=goods_rank,https://image.msscdn.net/images/goods_img/20240115/3794314/3794314_17052828557922_500.jpg,1,10,summer,gray,Street
https://www.musinsa.com/app/goods/1351826?loc=goods_rank,https://image.msscdn.net/images/goods_img/20200315/1351826/1351826_1_500.jpg,1,10,autumn,black,Casual
https://www.musinsa.com/app/goods/3025667?loc=goods_rank,https://image.msscdn.net/images/goods_img/20230116/3025667/3025667_16738371874614_500.jpg,1,10,winter,white,Feminine
https://www.musinsa.com/app/goods/3603940?loc=goods_rank,https://image.msscdn.net/images/goods_img/20231005/3603940/3603940_16964705474504_500.jpg,1,10,winter,black,Street
